title,collection,description_old,date,date is approximate,Language,subject,location,latitude,longitude,donor,publisher - digital,source,identifier,newphoto_filename,object-id,id number,photo number,building number,rights,rightsstatement,ordering information,format original,type,format,filename,oclc number,date created,date modified,reference url,cdm-id,contentdm file name,contentdm file path,description_new,date_new,narrative,instagram_text,hashtags,notes
"University farms, panoramic view, University of Idaho. View from near Brink Hall.",University of Idaho Campus Photographs,1941 panoramic photograph of University farms. View is from the east near Brink Hall.  [PG1_001-03],1941,,en,streets; campuses; farms; panoramic view;,Brink Hall,46.728226,-117.012449,,"University of Idaho Library Digital Initiatives, http://www.lib.uidaho.edu/digital/","PG 1, University of Idaho Campus Photographs, University of Idaho Library Special Collections and Archives, http://www.lib.uidaho.edu/special-collections/",PG1_001-03,new_PG1_001-03,pg11067,18994,3,1,"Educational use includes non-commercial use of text and images in materials for teaching and research purposes. Digital reproduction rights granted by University of Idaho Library. For other uses beyond educational use, please contact University of Idaho Library Special Collections and Archives Department at libspec@uidaho.edu.",http://rightsstatements.org/vocab/InC-EDU/1.0/,"To order a reproduction, inquire about permissions, or for information about prices email libspec@uidaho.edu",8x10 black and white print,Image;StillImage,image/jpg,,,2013-06-07,2014-02-18,http://digital.lib.uidaho.edu:80/cdm/ref/collection/pg1/id/1067,1067,1068.jp2,/pg1/image/1068.jp2,"2019 photograph with the Teaching and Learning Center on the left, Brink Hall on the right, and two University vehicles parked between the buildings above the stairs. ",2019,"The University of Idaho has undergone significant changes since its establishment at the very end of the 1800s, many of which include the addition of new buildings, roads, and infrastructure. Brink hall acts as a familiar landmark in these photos, but the change depicted in these images is apparent. The photo from the 1940s shows Brink Hall to the right with the University Farms in the background. Now the view from this location includes new infrastructure including a part of the Idaho Commons and concrete stairs surrounded by foliage that lead to even more new campus buildings such as the library, the Agricultural Science building, and the Integrated Research and Innovation Center. ","Something seems different- the TLC and Commons are gone! Prior to the building of the Commons and TLC and surrounding construction, this campus location provided an excellent view of the university farms. Do you notice anything familiar? Phinney-Brink Hall was already built at this time. ",University of Idaho; Uidaho; Phinney Hall; Brink Hall; University Farms; Then and Now; Past and Present; classic cars; black and white,
"Administration Building, University of Idaho (1892-1906).",University of Idaho Campus Photographs ,1899 photograph of Administration Building.  View of the drive up to the old Administration.   [PG1_51-06],1899,,en,Administration building,Administration Building,46.725966,-117.010529,,"University of Idaho Library Digital Initiatives, http://www.lib.uidaho.edu/digital/","PG 1, University of Idaho Campus Photographs, University of Idaho Library Special Collections and Archives, http://www.lib.uidaho.edu/special-collections/",PG1_51-06,new_PG1_51-06,pg11229,18913,6,51,"Material determined to be in Public Domain based on date of publication. Material made available by the University of Idaho Library. For more information, please contact University of Idaho Library Special Collections and Archives Department at libspec@uidaho.edu.",https://creativecommons.org/publicdomain/mark/1.0/,"To order a reproduction, inquire about permissions, or for information about prices email libspec@uidaho.edu","4x5 black and white glass negative, 8x10 print",Image;StillImage,image/jpg,,,2013-06-07,2014-02-18,http://digital.lib.uidaho.edu:80/cdm/ref/collection/pg1/id/1229,1229,1230.jp2,/pg1/image/1230.jp2,2019 photograph of the new Administration Building and the drive up to it. ,2019,"The Administration Building has been an icon of the University of Idaho over more than a century despite dramatic changes. Built in 1892, the Old Administration building was constructed of red brick into a ""U"" shape consisting of a main section and east and west wings. This historic building stood until a fire destroyed it in 1906 and construction of the New Administration Building began the next year. The New Administration Builidng bears similarities to its predecessor, such as its red brick exterior and U shape, however the new building exhibits new features such as the clock tower, stained glass windows, an auditorium, and other updated infrastructure. ","Did you know that the current Administration Building is not the original? The old Administration Building was built in 1891 and housed classrooms, the library, and other offices. It was considered to be ""the most attractive building in Idaho"" until a fire destroyed it in 1906. Bits of rubble were gathered to create the aptly named Memorial Steps, and in 1907 construction of our current Administration Building was underway! ",University of Idaho; Administration building; Uidaho; then and now; past and present; black and white,
"Administration Building, University of Idaho (1892-1906) after the fire.",University of Idaho Campus Photographs ,1906 photograph of Administration Building.  View of the old administration Building after the fire.  [PG1_51-26],1906,,en,Administration building; rubble,Administration Building,46.725966,-117.010529,,"University of Idaho Library Digital Initiatives, http://www.lib.uidaho.edu/digital/","PG 1, University of Idaho Campus Photographs, University of Idaho Library Special Collections and Archives, http://www.lib.uidaho.edu/special-collections/",PG1_51-26,new_PG1_51-26,pg11249,18937,26,51,"Material determined to be in Public Domain based on date of publication. Material made available by the University of Idaho Library. For more information, please contact University of Idaho Library Special Collections and Archives Department at libspec@uidaho.edu.",https://creativecommons.org/publicdomain/mark/1.0/,"To order a reproduction, inquire about permissions, or for information about prices email libspec@uidaho.edu",4x5 copy negative,Image;StillImage,image/jpg,,,2013-06-07,2014-02-18,http://digital.lib.uidaho.edu:80/cdm/ref/collection/pg1/id/1249,1249,1250.jp2,/pg1/image/1250.jp2,2019 photograph of the front view of the new Administration Building and flagpole.,2019,"The Administration Building has been an icon of the University of Idaho over more than a century despite dramatic changes. Built in 1892, the Old Administration building was constructed of red brick into a ""U"" shape consisting of a main section and east and west wings. This historic building stood until a fire destroyed it in 1906 and construction of the New Administration Building began the next year. The New Administration Builidng bears similarities to its predecessor, such as its red brick exterior and U shape, however the new building exhibits new features such as the clock tower, stained glass windows, an auditorium, and other updated infrastructure. ","The Administration Building has never looked better, especially compared to the old Administration Building after a fire destroyed it in 1906. The old Admin was reduced to rubble and construction of the current Admin was well underway in 1907! ",University of Idaho; Uidaho; Administration Building; Admin Building History; Fire of 1906; Then and Now; Past and Present; black and white,
"Memorial Gymnasium, University of Idaho. Construction.",University of Idaho Campus Photographs ,1928 photograph of Memorial Gymnasium.  View of construction.  [PG1_61-03],1928,,en,Construction,Memorial Gymnasium,46.72652,-117.013316,,"University of Idaho Library Digital Initiatives, http://www.lib.uidaho.edu/digital/","PG 1, University of Idaho Campus Photographs, University of Idaho Library Special Collections and Archives, http://www.lib.uidaho.edu/special-collections/",PG1_61-03,new_PG1_61-03,pg11583,19460,3,61,"Educational use includes non-commercial use of text and images in materials for teaching and research purposes. Digital reproduction rights granted by University of Idaho Library. For other uses beyond educational use, please contact University of Idaho Library Special Collections and Archives Department at libspec@uidaho.edu.",http://rightsstatements.org/vocab/InC-EDU/1.0/,"To order a reproduction, inquire about permissions, or for information about prices email libspec@uidaho.edu",5x7 black and white print,Image;StillImage,image/jpg,,,2013-06-07,2014-02-18,http://digital.lib.uidaho.edu:80/cdm/ref/collection/pg1/id/1583,1583,1584.jp2,/pg1/image/1584.jp2,2019 photograph of the Memorial Gym. ,2019,"""Commonly known as ""Mem Gym"", the Memorial Gymnasium was built in 1929 as a memorial to all Idahoans who lost their lives in World War 1. The building was designed by UI faculty members and features many architectural quirks such as the leatherhead-footballer gargoyles that decorate its walls and windows. It has served as a sports area and physical education venue seating 2,500 as well as for UI commencements and events. First Lady Eleanor Roosevelt gave a lecture in the main gymnasium in 1938, which is one of many reasons that the building was added to the National Register of Historic Places at the relatively young age of 49 years in 1977."" This building's function has shifted with the University's changing and growing campus, however it remains a beautiful and historic icon of the University. ","Memorial gym houses more than just sports- it is home to amazing history! Since its construction in 1929, this building has featured sporting events, physical education classes, commencements, a lecture by First Lady Eleanor Roosevelt, and was even added to the National Register of Historic Places in 1977. It also is the home to some leatherhead-footballer gargoyles! ",University of Idaho; Uidaho; Memorial Gym; construction; then and now; past and present; black and white,https://www.lib.uidaho.edu/digital/campus/locations/MemorialGymnasium.html#more
"Memorial Steps, University of Idaho.",University of Idaho Campus Photographs ,1955 photograph of Memorial Steps. Students talking on steps. [PG1_097-04],1955,yes,en,stairs; students; trees,Memorial Steps,46.724912,-117.010607,,"University of Idaho Library Digital Initiatives, http://www.lib.uidaho.edu/digital/","PG 1, University of Idaho Campus Photographs, University of Idaho Library Special Collections and Archives, http://www.lib.uidaho.edu/special-collections/",PG1_97-04,new_PG1_97-04,pg170,19841,4,97,"Educational use includes non-commercial use of text and images in materials for teaching and research purposes. Digital reproduction rights granted by University of Idaho Library. For other uses beyond educational use, please contact University of Idaho Library Special Collections and Archives Department at libspec@uidaho.edu.",http://rightsstatements.org/vocab/InC-EDU/1.0/,"To order a reproduction, inquire about permissions, or for information about prices email libspec@uidaho.edu",8x10 black and white print,Image;StillImage,image/jpg,,,2013-05-29,2014-02-18,http://digital.lib.uidaho.edu:80/cdm/ref/collection/pg1/id/70,70,71.jp2,/pg1/image/71.jp2,2019 photograph of Memorial Steps and surrounding foliage,2019,"After the fire of 1906 destroyed the old Administration Building, only a skeleton of the building remained. Many stones from the rubble were collected and constructed into Memorial steps, which serve as a tribute to the University's historic past. ","Fashion may have changed since the 1950s but the Memorial Steps haven't! These historic steps were constructed from the rubble of the Old Adminstration building which was destroyed by a fire in 1906. Hence the name, these steps now serve as a memorial to the University's history. ",University of Idaho; Uidaho; Memorial Steps; 50's fashion; student life; then and now; past and present; black and white,
"President's Residence, University of Idaho. Construction.",University of Idaho Campus Photographs ,1966 photograph of President's Residence under construction. Automobiles in foreground. Donor: Publications Dept..  [PG1_131-02],1966,,en,houses; construction; water tanks; automobiles; construction sites,President's Residence,46.723718,-117.014523,Publications Dept.,"University of Idaho Library Digital Initiatives, http://www.lib.uidaho.edu/digital/","PG 1, University of Idaho Campus Photographs, University of Idaho Library Special Collections and Archives, http://www.lib.uidaho.edu/special-collections/",PG1_131-02,new_PG1_131-02,pg1579,20265,2,131,"Educational use includes non-commercial use of text and images in materials for teaching and research purposes. Digital reproduction rights granted by University of Idaho Library. For other uses beyond educational use, please contact University of Idaho Library Special Collections and Archives Department at libspec@uidaho.edu.",http://rightsstatements.org/vocab/InC-EDU/1.0/,"To order a reproduction, inquire about permissions, or for information about prices email libspec@uidaho.edu",8x10 black and white print,Image;StillImage,image/jpg,,,2013-06-07,2014-02-18,http://digital.lib.uidaho.edu:80/cdm/ref/collection/pg1/id/579,579,563.jp2,/pg1/image/563.jp2,"Photograph of the President's new residence built in 2019 with the ""I Tower"" in the background",2019,"The University of Idaho has had 19 presidents and their on campus residence has changed over the years. In 1966 a president's residence was under construction now, in 2019, a new president's residence has been built. The new 6,000 square foot building sits on top of the same foundation as the old president's house, keeping the history alive. ","The ""I Tower"" hasn't changed but the President's residence sure has! This photo of the President's residence in 1966 looks much different than the modern home built in 2019. ",University of Idaho; Uidaho President; president residence; then and now; modern architecture; Uidaho; I tower; black and white,
"Power plant, University of Idaho.",University of Idaho Campus Photographs,1930 photograph of the power plant. Automobiles in foreground. Donor: Publications Dept.  [PG1_160-01],1930,yes,en,steam power plants; streets; automobiles,Power plant,46.729991,-117.01162,Publications Dept.,"University of Idaho Library Digital Initiatives, http://www.lib.uidaho.edu/digital/","PG 1, University of Idaho Campus Photographs, University of Idaho Library Special Collections and Archives, http://www.lib.uidaho.edu/special-collections/",PG1_160-01,new_PG1_160-01,pg1924,20441,1,160,"Educational use includes non-commercial use of text and images in materials for teaching and research purposes. Digital reproduction rights granted by University of Idaho Library. For other uses beyond educational use, please contact University of Idaho Library Special Collections and Archives Department at libspec@uidaho.edu.",http://rightsstatements.org/vocab/InC-EDU/1.0/,"To order a reproduction, inquire about permissions, or for information about prices email libspec@uidaho.edu",3x4 black and white film negative,Image;StillImage,image/jpg,,,2013-06-07,2014-02-18,http://digital.lib.uidaho.edu:80/cdm/ref/collection/pg1/id/924,924,897.jp2,/pg1/image/897.jp2,2019 photograph of the University Power Plant with construction in the background.,2019,"Built in 1927 at a cost of 75,000 dollars, the power and heating plant has been and remains critical to the function of the University of Idaho. This four story building is made of brick and concrete and has a flat roof of composition roofing. This building has undergone minimal changes including boilers added in 1939 and 1948. This building is home to a lot of history as well as a couple friendly decorative skeletons in the window who are always dressed for the season. ","Can you spot the differences? Since its construction in 1926 the University of Idaho power plant has undergone a few dramatic changes such as the removal of the smokestack. Though you may not spot any classic cars anymore, a glance through the window may show some friendly decorative skeletons dressed for the season!",University of Idaho; Uidaho; Power Plant; classic cars; black and white; Steam Plant; Then and Now; Past and Present ,
"Memorial Gymnasium, University of Idaho",University of Idaho Historical Photograph Collection,Image shows construction of Memorial Gymnasium on the University of Idaho campus.,1928,,en,University of Idaho; Buildings; Photographs; Memorial Gymnasium,,,,,University of Idaho Library,PG 1-61-32,1-61-32,new_1-61-32,spec_uihp486,,,,"Educational use includes non-commercial use of text and images in materials for teaching and research purposes. Digital reproduction rights granted by University of Idaho Library. For other uses beyond educational use, please contact University of Idaho Library Special Collections and Archives Department at libspec@uidaho.edu.",http://rightsstatements.org/vocab/InC-EDU/1.0/,"To order a reproduction, inquire about permissions, or for information about prices see: http://www.lib.uidaho.edu/special-collections/about.html",,Image;StillImage,image/jpg,,,2011-03-03,2014-04-17,http://digital.lib.uidaho.edu:80/cdm/ref/collection/spec_uihp/id/486,486,496.jp2,/spec_uihp/image/496.jp2,2019 photograph of the Memorial Gym ,2019,"Built in 1929 as a memorial to all Idahoans who lost their lives in World War 1, the Memorial Gym has served as a venue for events ranging from sports, physical education classes, speaches, commencement ceremonies, and other University function. Though commencement ceremonies are no longer held here, the Memorial Gym's functions have been shifted to accomodates the University's needs while remaining a beautiful and historic landmark of the University of Idaho.",You may not see many classic cars driving around Memorial Gym anymore but there is history in the building itself! Did you know that this building was built as a memorial to Idahoans lost in World War 1 and that it was added to the National Register of Historic Places? For almost 100 years this building has been the venue for many university events. ,University of Idaho; Uidaho; Memorial Gym Construction; Construction; Memorial Gym; Classic cars; 1928; Then and Now; Past and Present; black and white,
Commencement 1961,University of Idaho Historical Photograph Collection,Parents and friends congratulate the seniors after commencement outside Memorial Gym.,1961,,en,University of Idaho; graduation,,,,,University of Idaho Library,"PG 2 University of Idaho Student Organizations, 2-109-81 to 2-109-130",2-109-101,new_2-109-101,spec_uihp135,,,,"Educational use includes non-commercial use of text and images in materials for teaching and research purposes. Digital reproduction rights granted by University of Idaho Library. For other uses beyond educational use, please contact University of Idaho Library Special Collections and Archives Department at libspec@uidaho.edu.",http://rightsstatements.org/vocab/InC-EDU/1.0/,"To order a reproduction, inquire about permissions, or for information about prices see: http://www.lib.uidaho.edu/special-collections/about.html",,Image;StillImage,image/jpg,,,2010-05-18,2014-04-17,http://digital.lib.uidaho.edu:80/cdm/ref/collection/spec_uihp/id/135,135,91.jpg,/spec_uihp/image/91.jpg,2019 photograph of the entrance to Memorial Gym.,2019,"Commonly known as ""Mem Gym"", the Memorial Gymnasium was built in 1929 as a memorial to all Idahoans who lost their lives in World War 1. The building was designed by UI faculty members and features many architectural quirks such as the leatherhead-footballer gargoyles that decorate its walls and windows. It has served as a sports area and physical education venue seating 2,500 as well as for UI commencements and events. First Lady Eleanor Roosevelt gave a lecture in the main gymnasium in 1938, which is one of many reasons that the building was added to the National Register of Historic Places at the relatively young age of 49 years in 1977. This building's function has shifted with the University's changing and growing campus, however it remains a beautiful and historic icon of the University.","Did you know that commencement ceremonies were held in Memorial Gym prior to the construction of the Kibbie Dome? Though much has changed since the 1960s, the joy and pride of a UI graduate has not! ",University of Idaho; Uidaho; Memorial Gym; Commencement; Graduation; caps and gowns; celebration; black and white; then and now; past and present; 1961,
Alpha Phi House,University of Idaho Student Organizations Collection,House on southeast corner of 6th and Elm Streets occupied by Pi Sigma Rho which became Alpha Phi in 1928.,1925,yes,en,sororities; sorority houses,Alpha Phi Sorority House,46.729747,-117.008131,,University of Idaho Library Digital Initiatives,"PG 2, University of Idaho Student Organizations Collection",002_002,new_002_002,pg261,,,,"No Copyright, material listed in Public Domain. Digital reproduction granted by the University of Idaho Library. For more information, please contact University of Idaho Library Special Collections and Archives Department at libspec@uidaho.edu.",https://creativecommons.org/publicdomain/mark/1.0/,,5x3.5 black and white print,Image;StillImage,image/jpg,,,2017-10-17,2017-10-17,http://digital.lib.uidaho.edu:80/cdm/ref/collection/pg2/id/61,61,65.jp2,/pg2/image/65.jp2,2019 photo of Alpha Phi sorority house located on southeast corner of 6th and Elm Streets,2019,"Built in 1925, this house was originally home to the women of Pi Sigma Rho sorority which became the Alpha Phi sorority in 1928. This house has been home to the women of Alpha Phi since then.","The women of Alpha Phi sorority have resided in their current house on the corner of Elm and 6th Streets since 1928, but did you know that Pi Sigma Rho sorority occupied their house before that? ",University of Idaho; Uidaho; Greek life; Idaho Greek life; Alpha Phi; Alpha Phi Sorority; APhi; Alpha Phi Beta Zeta Chapter; Then and Now; Past and Present; Black and White,
Alpha Tau Omega House,University of Idaho Student Organizations Collection,Alpha Tau Omega house under construction on the northwest corner of Deakin and Idaho Streets.,1928-08-01,,en,fraternities; fraternity houses,Alpha Tau Omega fraternity house,46.727985,-117.007085,,University of Idaho Library Digital Initiatives,"PG 2, University of Idaho Student Organizations Collection",003_002,new_003_002,pg255,,,,"No Copyright, material listed in Public Domain. Digital reproduction granted by the University of Idaho Library. For more information, please contact University of Idaho Library Special Collections and Archives Department at libspec@uidaho.edu.",https://creativecommons.org/publicdomain/mark/1.0/,,7x5 black and white print,Image;StillImage,image/jpg,,,2017-10-17,2017-10-17,http://digital.lib.uidaho.edu:80/cdm/ref/collection/pg2/id/55,55,6.jp2,/pg2/image/6.jp2,2019 photo of the Pi Kappa Phi fraternity on the northwest corner of Deakin and Idaho Streets.,2019,"After receiving its charter in 1925, construction of the Alpha Tau Omega fraternity house was completed in 1928. After eighty years on the University of Idaho campus the Alpha Tau Omega fraternity left its house in the Fall of 2012 due to a significant loss of members. The following year the men of Pi Kappa Phi fraternity leased this house and have occupied it since then. ","Built in 1928, this building was orginally the Alpha Tao Omega fraternity house. 85 years later in 2013 this became the home to the men of Pi Kappa Phi fraternity. Pi Kappa Phi seeks to develop leaders and encourage service, and luckily they have a beautiful and historic house to do it in! ",University of Idaho; UIdaho; Greek life; Idaho Greek life; Alpha Tao Omega; Pi Kappa Phi; Pi Kapp; Pi Kappa Phi Kappa Iota Chapter; Fraternity House; Construction; Then and Now; Past and Present; Black and White,
Delta Chi House,University of Idaho Student Organizations Collection,Delta Chi house on the southeast corner of University and Elm Streets.,1955,yes,en,fraternities; fraternity houses,Delta Chi Fraternity House,46.726765,-117.008181,Publications Dept. U of I,University of Idaho Library Digital Initiatives,"PG 2, University of Idaho Student Organizations Collection",005_004,new_005_004,pg227,,,,"No Copyright, material listed in Public Domain. Digital reproduction granted by the University of Idaho Library. For more information, please contact University of Idaho Library Special Collections and Archives Department at libspec@uidaho.edu.",https://creativecommons.org/publicdomain/mark/1.0/,,5x4 black and white print,Image;StillImage,image/jpg,,,2017-10-17,2017-10-17,http://digital.lib.uidaho.edu:80/cdm/ref/collection/pg2/id/27,27,34.jp2,/pg2/image/34.jp2,2019 photograph of Pi Kappa Alpha fraternity house on the southeast corner of University and Elm Streets.,2019,"This house was originally the residence of the men of Delta Chi fraternity who left campus in 2012. From 2012 to the Spring of 2019 this building was home to the women of Steel House, which is an on-campus cooperative living group for women. Now, as of Summer of 2019, this building is home to the men of Pi Kappa Alpha fraternity.","Originally the Delta Chi fraternity house, this building has undergone several resident turnovers! From 2012 to 2018 this house belonged to the Steelhouse women's living and as of 2019 will be the Pi Kappa Alpha fraternity house. Pi Kappa Apha is dedicated to developing men of integrity, intellect, and high moral character and to fostering a truly lifelong fraternal experience Welcome to campus!",University of Idaho; Uidaho; Greek life; Delta Chi; Steelhouse; Tau Kappa Epsilon; TIK; Tau Kappa Epsilon Alpha Delta Chapter; Fraternity House; Idaho Greek life,
Delta Gamma House,University of Idaho Student Organizations Collection,Delta Gamma house on the northeast corner of Idaho and Elm Streets.,1923,yes,en,sororities; sorority houses,Delta Gamma Sorority House,46.72789,-117.008083,,University of Idaho Library Digital Initiatives,"PG 2, University of Idaho Student Organizations Collection",007_003,new_007_003,pg238,,,,"No Copyright, material listed in Public Domain. Digital reproduction granted by the University of Idaho Library. For more information, please contact University of Idaho Library Special Collections and Archives Department at libspec@uidaho.edu.",https://creativecommons.org/publicdomain/mark/1.0/,,7x5 black and white print,Image;StillImage,image/jpg,,,2017-10-17,2017-10-17,http://digital.lib.uidaho.edu:80/cdm/ref/collection/pg2/id/38,38,44.jp2,/pg2/image/44.jp2,2019 photo of the Delta Gamma sorority house on the northeast corner of Idaho and Elm Streets.,2019,"The Nu chapter of Delta Gamma sorority was founded in 1911, making it one of the oldest sororities on the University of Idaho campus, and in 1914 the women of Delta Gamma moved into their new sorority house. Many years later in 1984 their sorority house was remodelled to include nine new study rooms, new bathrooms, more sleeping space, and more lounging room to accommodate their growing membership.","Delta Gamma sorority was founded in 1911, making it one of the oldest sororities on the University of Idaho campus. Though some changes were made to the house to accommodate growing membership, the original foundation, shape, chimney, and other features can still be seen. Check out the Delta Gamma anchor next time you go by!",University of Idaho; Uidaho; Greek life; Idaho Greek life; Delta Gamma; DG; Delta Gamma Sorority; Delta Gamma Nu Chapter; Sorority; Sorority House; Delta Gamma Anchor; Then and Now; Black and White; Past and Present,
Gamma Phi Beta House,University of Idaho Student Organizations Collection,Gamma Phi Beta house at 1038 Blake Avenue.,1935,yes,en,sororities; sorority houses,Gamma Phi Beta Sorority House,46.725718,-117.00824,,University of Idaho Library Digital Initiatives,"PG 2, University of Idaho Student Organizations Collection",009_002,new_009_002,pg251,,,,"No Copyright, material listed in Public Domain. Digital reproduction granted by the University of Idaho Library. For more information, please contact University of Idaho Library Special Collections and Archives Department at libspec@uidaho.edu.",https://creativecommons.org/publicdomain/mark/1.0/,,5.5x3.5 black and white print,Image;StillImage,image/jpg,,,2017-10-17,2017-10-17,http://digital.lib.uidaho.edu:80/cdm/ref/collection/pg2/id/51,51,56.jp2,/pg2/image/56.jp2,2019 photo of the Gamma Phi Beta sorority house at 709 Elm Street,2019,In 1910 Gamma Phi Beta sorority officially became the first national sorority to join the University of Idaho. This house was used by Gamma Phi Beta between the years of 1917 and 1958 before this sorority moved elsewhere. Their current sorority house is located at 709 Elm Street and can be recognized by its pink hue. ,"The Gamma Phi Beta sorority house has changed quite a bit since this photo was taken in the 1930s, don't you think? In 1910 Gamma Phi Beta officially became the first national sorority to join the University of Idaho.",University of Idaho; Uidaho; Greek life; Idaho Greek life; Gamma Phi Beta; Gamma Phi Beta Sorority; GPhi; Gamma Phi Beta Xi Chapter; Then and Now; Past and Present; Black and White,
Kappa Alpha Theta House,University of Idaho Student Organizations Collection,Kappa Alpha Theta house on the southwest corner of University and Deakin Avenues.,1965,yes,en,sororities; sorority houses,Kappa Alpha Theta Sorority House,46.726736,-117.007294,,University of Idaho Library Digital Initiatives,"PG 2, University of Idaho Student Organizations Collection",010_03,new_010_03,pg2121,,,,"No Copyright, material listed in Public Domain. Digital reproduction granted by the University of Idaho Library. For more information, please contact University of Idaho Library Special Collections and Archives Department at libspec@uidaho.edu.",https://creativecommons.org/publicdomain/mark/1.0/,,6x3.5 black and white print,Image;StillImage,image/jpg,,,2017-10-18,2017-10-18,https://digital.lib.uidaho.edu/digital/collection/pg2/id/121/rec/55,121,90.jp2,/pg2/image/90.jp2,2019 photo of the Delta Sigma Phi fraternity house on the southwest corner of University and Deakin Avenues.,2019,"Located on the corner of University and Deakin Avenues is a building that looks like a castle. Built in 1926, this building was originally home to the women of Kappa Alpha Theta sorority until they moved to a new house in 1969. That same year the men of Delta Sigma Phi fraternity moved in and have lived there ever since. ",Have you seen the castle on campus? It actually used to be the Kappa Alpha Theta sorority house and is currently the Delta Sigma Phi fraternity house! ,University of Idaho; Uidaho; Greek life; Idaho Greek life; Kappa Alpha Theta; Delta Sigma Phi; Delta Sigma Phi Gamma Iota Chapter; DSig; Delta Sigma Phi Fraternity; DSig Fraternity; Past and Present; Then and Now; Black and White,
Kappa Sigma House,University of Idaho Student Organizations Collection (PG2),Kappa Sigma house on the northeast corner of Blake and Sweet Avenues.,1935,yes,en,fraternities; fraternity houses,Kappa Sigma Fraternity House,46.726361,-117.008239,,University of Idaho Library Digital Initiatives,"PG 2, University of Idaho Student Organizations Collection",012_05,new_012_05,pg275,,,,"No Copyright, material listed in Public Domain. Digital reproduction granted by the University of Idaho Library. For more information, please contact University of Idaho Library Special Collections and Archives Department at libspec@uidaho.edu.",https://creativecommons.org/publicdomain/mark/1.0/,,7x5 black and white film negative,image;stillimage,image/jpg,,,2017-10-18,2017-10-18,http://digital.lib.uidaho.edu:80/cdm/ref/collection/pg2/id/75,75,107.jp2,/pg2/image/107.jp2,2019 photograph of the Kappa Sigma fraternity house on the northeast corner of Blake and Sweet Avenues.,2019,"Established in 1905, the Kappa Sigma fraternity was the first national fraternity at the University of Idaho and their fraternity house, which was built in 1916, has been continuously occupied by the men of this organization since it's construction. This building was finally recognized and added to the National Register of Historic Places in 1996. ","Greek life is very prominent at the University of Idaho, but did you know that Kappa Sigma Fraternity was the first Greek organization on campus? Shortly after their arrival to UI in 1905 construction of their fraternity house began and was completed in 1916. Now there are a total of 16 fraternities, 10 sororities, and 7 multicultural Greek organizations on our campus.",University of Idaho; Uidaho; Greek life; Idaho Greek life; Kappa Sigma Fraternity; KSig; Kappa Simga Gamma Theta Chapter; Then and now; past and present; black and white; Fraternity House,
Phi Delta Theta House,University of Idaho Student Organizations Collection,Phi Delta Theta house under construction on the southeast corner of Elm Street and Idaho Avenue.,1922,yes,en,fraternities; fraternity houses,Phi Delta Theta Fraternity House,46.727575,-117.008019,,University of Idaho Library Digital Initiatives,"PG 2, University of Idaho Student Organizations Collection",014_01,new_014_01,pg282,,,,"No Copyright, material listed in Public Domain. Digital reproduction granted by the University of Idaho Library. For more information, please contact University of Idaho Library Special Collections and Archives Department at libspec@uidaho.edu.",https://creativecommons.org/publicdomain/mark/1.0/,,7x5 black and white print,image;stillimage,image/jpg,,,2017-10-18,2017-10-18,http://digital.lib.uidaho.edu:80/cdm/ref/collection/pg2/id/82,82,114.jp2,/pg2/image/114.jp2,2019 photograph of Phi Delta Theta fraternity house on the southeast corner of Elm Street and Idaho Avenue.,2019,"The University of Idaho Phi Delta Theta was established in 1908 after the local Kappa Phi Alpha fraternity, which was established in 1899, was contacted by the national organization.and granted a chapter. This chapter of Phi Delta Theta was only the second national fraternity on the University of Idaho campus. ",The Phi Delta Theta fraternity house looks much different today than it did nearly a century ago. ,University of Idaho; Uidaho; Grek life; Uidaho Greek life; Phi Delta Theta; Phi Delta Theta Idaho Alpha Chapter; Phi Delt Uidaho; Then and Now; Past and Present; Black and White; Fraternity House,
Pi Beta Phi House,University of Idaho Student Organizations Collection,Pi Beta Phi house on the northeast corner of College and Deakin Avenues,1945,yes,en,sororities; sorority houses,Pi Beta Phi Sorority House,46.727885,-117.006657,,University of Idaho Library Digital Initiatives,"PG 2, University of Idaho Student Organizations Collection",016_03,new_016_03,pg2114,,,,"No Copyright, material listed in Public Domain. Digital reproduction granted by the University of Idaho Library. For more information, please contact University of Idaho Library Special Collections and Archives Department at libspec@uidaho.edu.",https://creativecommons.org/publicdomain/mark/1.0/,,7x5 black and white print,Image;StillImage,image/jpg,,,2017-10-18,2017-10-18,https://digital.lib.uidaho.edu/digital/collection/pg2/id/114/rec/48,114,83.jp2,/pg2/image/83.jp2,2019 photo of the Lambda Chi Alpha fraternity house located on the northeast corner of College and Deakin Avenues,2019,"This building has been home to a number of Greek organizations since its construction in the 1926, but its primary resident has been Lamda Chi Alpha fraternity. The University of Idaho chapter of Lambda Chi Alpha was established in 1927 but was closed between the years of 1946 and 1958, and again from 1985 to 1990. During the house's vacant periods Pi Beta Phi sorority and Alpha Gamma Rho fraternity took residence in the building.",The Lambda Chi Alpha fraternity house has had a lot of turnover! Pi Beta Phi sorority used to occupy this house as did the Alpha Gamma Rho fraternity until Lambda Chi Alpha returned in 2008. ,University of Idaho; Uidaho; Greek life; Idaho Greek life; Pi Beta Phi; Lambda Chi Alpha; Lambda Chi Alpha Fraternity; Lambda Chi Alpha Epsilon Gamma Chapter; Lambda Chi Idaho; Then and now; Black and White; Past and Present ,
"Sigma Chi house, 620 Idaho Avenue",University of Idaho Student Organizations Collection,"Downhill photo of Sigma Chi house, 620 Idaho Avenue. University of Idaho.",1925,yes,en,fraternities; fraternity houses,Sigma Chi Fraternity House,46.72779,-117.009051,,University of Idaho Library Digital Initiatives Department,PG2 University of Idaho Student Organizations Collection,017_05,new_017_05,pg2134,,,,"No Copyright, material listed in Public Domain. Digital reproduction granted by the University of Idaho Library. For more information, please contact University of Idaho Library Special Collections and Archives Department at libspec@uidaho.edu.",https://creativecommons.org/publicdomain/mark/1.0/,,5.5x3.5 black and white print,image;stillimage,image/jpg,,,2017-10-18,2017-10-18,https://digital.lib.uidaho.edu/digital/collection/pg2/id/134/rec/87,134,135.jp2,/pg2/image/135.jp2,"2019 angled photo of the Phi Kappa Tau fraternity house, located at 620 Idaho Avenue on the University of Idaho campus.",2019,In 1924 the Gamma Eta chapter of Sigma Chi was established and their fraternity house was built. Sigma Chi eventually moved to their current residence on Nez Perce Drive and the house was later occupied by Pi Beta Phi sorority and eventually Steelhouse women's living between 2009-2012. Phi Kappa Tau fraternity has occupied this residence off and on since it's construction and are the current residents. ,"Built in 1924, this house has been the home to members of Sigma Chi fraternity, Pi Beta Phi sorority, Steelhouse women's living, and is currently the Phi Kappa Tau fraternity house. ",University of Idaho; Uidaho; Greek life; Idaho Greek life; Fraternity House; Sigma Chi; Phi Kappa Tau; Phi Kappa Tau Beta Gamma Chapter; Phi Tau; Phi Kappa Tau Idaho; Then and Now; Black and White; Past and Prsent,
Group picture of Phi Gamma Deltas outside Phi Gamma Delta house,University of Idaho Student Organizations Collection,Members of Phi Gamma Delta pose for a group photograph outside of the Phi Gamma Delta house.,1940,yes,en,fraternities; fraternity houses,Phi Gamma Delta Fraternity House,46.727122,-117.008641,Hodgins Photography Studio,University of Idaho Library Digital Initiatives Department,PG2 University of Idaho Student Organizations Collection,061_1,new_061_1,pg2261,,,,"No Copyright, material listed in Public Domain. Digital reproduction granted by the University of Idaho Library. For more information, please contact University of Idaho Library Special Collections and Archives Department at libspec@uidaho.edu.",https://creativecommons.org/publicdomain/mark/1.0/,,7x5 black and white film negative,image;stillimage,image/jpg,,,2017-10-19,2017-10-19,https://digital.lib.uidaho.edu/digital/collection/pg2/id/261/rec/161,261,262.jp2,/pg2/image/262.jp2,2019 photo of the entrance to the Phi Gamma Delta fraternity house.,2019,"The University of Idaho chapter of Phi Gamma Delta fraternity, also known as FIJI, was established in 1920 and was followed by the construction of their fraternity house in 1926. Taken in the 1940s, this photo shows the men of Phi Gamma Delta during a time when many fraternities were disbanded due to World War II. Despite many wars and setbacks between their founding and now, the University of Idaho Phi Gamma Delta is currently the second oldest continuously operating chapter of this fraternity on the West Coast. Since its construction the fraternity house has undergone many changes including the addition of a new wing and indoor remodelling.","Don't be fooled by the seemingly unchanged exterior of the Phi Gamma Delta fraternity house- it has undergone remodelling and additions since being built in 1926. Though their house and and fashion choices have changed, their values of friendship, knowledge, service, morality, and excellence have not! ",University of Idaho; Uidaho; Greek Life; Idaho Greek life; FIJI; Phi Gamma Delta; FIJI Men; Phi Gamma Delta Mu Iota Chapter; Phi Gamma Delta Fraternity; Fraternity House; Then and Now; Black and White; Past and Present,
Roosevelt  shielding his eyes - Theodore Roosevelt 1911 University of Idaho visit,University of Idaho Historical Photographs - Theodore Roosevelt Collection,Image shows Roosevelt speaking on platform in front of University of Idaho Administration Building. He is shielding his eyes with his right hand.,1911-04-11,,en,"Roosevelt, Theodore, 1858-1919",Administration Buildng,,,,"Special Collections and Archives, University of Idaho Library: http://www.lib.uidaho.edu/special-collections/",PG_6-7-8,06-0007-8,new_06-0007-8,spec_uihp400,,,,"Material determined to be in Public Domain based on date of publication. Material made available by the University of Idaho Library. For more information, please contact University of Idaho Library Special Collections and Archives Department at libspec@uidaho.edu.",https://creativecommons.org/publicdomain/mark/1.0/,,,Image;StillImage,image/jpg,,,2011-03-03,2014-04-17,http://digital.lib.uidaho.edu:80/cdm/ref/collection/spec_uihp/id/400,400,410.jp2,/spec_uihp/image/410.jp2,2019 angled photo of the front of the new Administration Building,2019,"On April 9th through 11th, 1911, President Theodore ""Teddy"" Roosevelt visited the University of Idaho. While here he gave a speech praising Idaho citizens and the University's motto of ""training of Idaho's future citizens to their highest usefullness in private life and public service."" A tree was planted in Administration Lawn in his honor and still stands today.",Celebrity on campus! In 1911 President Theodore Roosevelt visited the University of Idaho and gave a speech outside of the Administration Building where crowds of people came to watch. Can you find the tree planted in Admin Lawn during his visit?,University of Idaho; UIdaho; Administration Building; President Roosevelt; Teddy Roosevelt Campus Visit; Theodore Roosevelt; Presidential Visit; President Speech; Black and White; UIdaho History,
Pep Band,University of Idaho Student Organizations Collection,"Pep Band (1920 - )  [1931] Leader, William Ames  Photog: Hodgins Foto Service, Moscow  Donor: Gerald Hodgins",1931,,en,,,,,,University of Idaho Library,2-108-31,02-108-31,new_02-108-31,spec_uihp360,,,,"Educational use includes non-commercial use of text and images in materials for teaching and research purposes. Digital reproduction rights granted by University of Idaho Library. For other uses beyond educational use, please contact University of Idaho Library Special Collections and Archives Department at libspec@uidaho.edu.",http://rightsstatements.org/vocab/InC-EDU/1.0/,"To order a reproduction, inquire about permissions, or for information about prices see: http://www.lib.uidaho.edu/special-collections/about.html",,Image;StillImage,image/jpg,,,2010-09-08,2014-04-17,http://digital.lib.uidaho.edu:80/cdm/ref/collection/spec_uihp/id/360,360,270.jp2,/spec_uihp/image/270.jp2,Administration lawn where the 1931 pep band once posed for a photo. Art and Architecture and Life Sciences South buildings in background.,2019,"The University of Idaho pep band has been a crucial part of the culture on this campus for more than 100 years. This student organization has grown exponentially and upholds tradition by promoting vandal pride, playing at athletic events, and by leading their fellow vandals in the annual homecoming serpentine event where students march their way from Greek Row to the Kibbie Dome for a homecoming bonfire. ",The University of Idaho Pep Band sure has grown since 1931! The outfits and number of participants may have changed over time but the buildings in the background look nearly unchanged. ,University of Idaho; Uidaho; Admin Lawn; Pep band: Go Vandals; Student Clubs; Student Life; 1931,
Alpha Chi Omega House,University of Idaho Student Organizations Collection,"Alpha Chi Omega house on 701 Nez Perce Drive, with cars on the street.",1961,yes,en,sororities; sorority houses,Alpha Chi Omega sorority house,46.724119,-117.010431,,University of Idaho Library Digital Initiatives,"PG 2, University of Idaho Student Organizations Collection",001_004,new_001_004,pg263,,,,"No Copyright, material listed in Public Domain. Digital reproduction granted by the University of Idaho Library. For more information, please contact University of Idaho Library Special Collections and Archives Department at libspec@uidaho.edu.",https://creativecommons.org/publicdomain/mark/1.0/,,10x8 black and white print,Image;StillImage,image/jpg,,,2017-10-17,2017-10-17,http://digital.lib.uidaho.edu:80/cdm/ref/collection/pg2/id/63,63,67.jp2,/pg2/image/67.jp2,"2019 photo of the Alpha Kappa Lambda fraternity house on 701 Nez Perce Drive, with cars on the street.",2019,"This house was originally home to the women of Alpha Chi Omega sorority which joined the University of Idaho campus on May 9th, 1924. Nearly forty years later on October 15th, 1961, these women celebrated the formal dedication of their new, 170,000 dollar, pink brick and white cedar sorority house. Then, in 1988 the Alpha Chi Omega sorority left the University of Idaho due to declining membership and the house acted as an overflow sorority house where members from other chapters could live. A few years later the men of Alpha Kappa Lambda fraternity moved out of their older residence and into this larger and more modern chapter house. ","Once home to the Alphi Chi Omega sorority, this house now belongs to the men of Alpha Kappa Lambda fraternity. Check out the classic cars!",University of Idaho; Uidaho; Idaho Greek life; Alpha Chi Omega; Alpha Kappa Lambda; AKL; Alpha Kappa Lambda Alpha Phi Chapter; Then and Now; Black and White; Past and Present; Classic Cars,
Delta Tau Delta House,University of Idaho Student Organizations Collection,"Formerly General Chrisman's home. Beta Chi's house on 720 Idaho, which became Delta Tau Delta in 1931.",1931,yes,en,fraternities; fraternity houses,Delta Tau Delta fraternity house,46.727895,-117.011792,,University of Idaho Library Digital Initiatives,"PG 2, University of Idaho Student Organizations Collection",008_001,new_008_001,pg245,,,,"No Copyright, material listed in Public Domain. Digital reproduction granted by the University of Idaho Library. For more information, please contact University of Idaho Library Special Collections and Archives Department at libspec@uidaho.edu.",https://creativecommons.org/publicdomain/mark/1.0/,,5.75x3.5 black and white print,Image;StillImage,image/jpg,,,2017-10-17,2017-10-17,http://digital.lib.uidaho.edu:80/cdm/ref/collection/pg2/id/45,45,50.jp2,/pg2/image/50.jp2,2019 photo of the Delta Tau Delta fraternity house located at 720 Idaho Avenue,2019,"Built in the early 1900s, this building has undergone significant change and resident turnover in the past century. In 1913, a group of men founded the University of Idaho chapter of Alpha Kappa Epsilon, and the following year they took up residency of this modest house. This was only the fifth Greek organization on the U of I campus to seek a residence in which they could live together. The men of Alpha Kappa Epsilon secured a new residence in 1915, and this building later became home to General Chrisman, a professor of Military Sciences. The final resident turnover occurred in 1931 when it became home to the men of Delta Tau Delta fraternity. This building has undergone many renovations since then, including an addition of over 2,500 square feet, a new sprinkler system, roof, and bathroom, a larger kitchen, and more. This plot of land has also become home to many Delta Tau Delta traditions; though not an active tradition anymore, its location at the top of a hill made for a perfect slip and slide during warm weather. The men of Delta Tau Delta still are still at this residence. ","Situated at the top of a hill and overlooking campus, the Delta Tau Delta fraternity house has undergone significant change since 1931. Nearly 40 years after it's establishment, the Delta Mu chapter of Delta Tau Delta was able to add over 2,500 square feet to their house as well as necessary safety and security systems. ",University of Idaho; UIdaho; Greek life; Idaho Greek Life; Delta Tau Delta; Delt Fraternity; Delta Tau Delta Delta Mu Chapter; Then and Now; Black and White; Past and Present; Renovations,
Phi Gamma Delta House,University of Idaho Student Organizations Collection,"Perspective drawing of proposed Phi Gamma Delta house, drawn by Whitehouse and Price, on northwest corner of University Avenue and Elm Street.",1924,yes,en,fraternities; fraternity houses,Phi Gamma Delta fraternity house,46.727132,-117.008493,,University of Idaho Library Digital Initiatives,"PG 2, University of Idaho Student Organizations Collection",015_01,new_015_01,pg294,,,,"No Copyright, material listed in Public Domain. Digital reproduction granted by the University of Idaho Library. For more information, please contact University of Idaho Library Special Collections and Archives Department at libspec@uidaho.edu.",https://creativecommons.org/publicdomain/mark/1.0/,,9.25x5.25 black and white print,image;stillimage,image/jpg,,,2017-10-18,2017-10-18,http://digital.lib.uidaho.edu:80/cdm/ref/collection/pg2/id/94,94,126.jp2,/pg2/image/126.jp2,2019 photo of the Phi Gamma Delta fraternity house located on the northwest corner of University Avenue and Elm Street.,2019,"The University of Idaho chpater of Phi Gamma Delta fraternity was established in 1920, and in 1924 a sketch of a fraternity house design was proposed. Two years later in 1926 the construction of their house was completed. In the 1960s, after continuous chapter growth, the fraternity house was expanded to include a new wing for rooms. Renovations were conducted again in 2012 on the house's interior after generous donations summing to nearly 1.5 million dollars. The University of Idaho  Phi Gamma Delta is currently the second oldest continuously operating chapter of this fraternity on the West Coast. ","Drawn by Whitehouse and Price, this is one of the original proposals from 1924 for the Phi Gamma Delta fraternity house! After continuous growth after it's establishment in 1920, this chapter expaneded the fraternity house in the 1960s to include a new wing for rooms and in 2012 a generous donation of 1.5 million dollars allowed for interior renovations! This chapter has survived many years and is the second oldest continuously operating Phi Gamma Delta chapter on the West Coast.",University of Idaho; UIdaho; Idaho Greek Life; Greek Life; Phi Delta Gamma; FIJI Fraternity; Phi Delta Gamma Mu Iota chapter; Sketch; Fraternity House; Then and Now; Past and Present; Black and White,
"Alpha Gamma Delta house, 1038 Blake Avenue",University of Idaho Student Organizations Collection,"Four women stand outside the Alpha Gamma Delta house, located at 1038 Blake Avenue.",1960,yes,en,sorority houses; sororities; group portrait,Alpha Gamma Delta sorority house,46.725379,-117.008304,,University of Idaho Library Digital Initiatives Department,PG2 University of Idaho Student Organizations Collection,045_03,new_045_03,pg2198,,,,"No Copyright, material listed in Public Domain. Digital reproduction granted by the University of Idaho Library. For more information, please contact University of Idaho Library Special Collections and Archives Department at libspec@uidaho.edu.",https://creativecommons.org/publicdomain/mark/1.0/,,,image;stillimage,image/jpg,,,2017-10-18,2017-10-18,http://digital.lib.uidaho.edu:80/cdm/ref/collection/pg2/id/198,198,199.jp2,/pg2/image/199.jp2,2019 photo of the front of the Alpha Gamma Delta sorority house located at 1038 Blake Avenue.,2019,"Built in 1967, this building was and remains the Alpha Gamma Delta sorority house. Prior to the construction of this building, the women of Alpha Gamma Delta resided in a home which had previously been home to Gamma Phi Beta sorority in the 1930s and Alpha Kappa Lambda fraternity in the 1970s. ","Built in 1967, this beautiful house is home to the lovely ladies of Alpha Gamma Delta sorority who seek to inspire women and impact the world. Though fashion has changed since the 1960s, their spirit of compassion is kept alive in their annual philanthropic event to fight hunger! ",University of Idaho; UIdaho; Idaho Greek Life; Alpha Gamma Delta; AGD; Alpha Gamma Delta Delta Theta Chapter; 1960s; Then and Now; Black and White; Past and Present,
Alpha Tau Omega group picture outside Alpha Tau Omega house,University of Idaho Student Organizations Collection,Members of Alpha Tau Omega fraternity pose for a group photograph outside of Alpha Tau Omega.,1940,yes,en,fraternities; fraternity houses;  group portrait,Alpha Tau Omega fraternity house,46.727765,-117.006641,,University of Idaho Library Digital Initiatives Department,PG2 University of Idaho Student Organizations Collection,058_01,new_058_01,pg2258,,,,"No Copyright, material listed in Public Domain. Digital reproduction granted by the University of Idaho Library. For more information, please contact University of Idaho Library Special Collections and Archives Department at libspec@uidaho.edu.",https://creativecommons.org/publicdomain/mark/1.0/,,8.5x6.5 black and white print,image;stillimage,image/jpg,,,2017-10-19,2017-10-19,http://digital.lib.uidaho.edu:80/cdm/ref/collection/pg2/id/258,258,259.jp2,/pg2/image/259.jp2,2019 photo of the front of the Pi Kappa Phi fraternity house located on the Northwest corner of Idaho and Deakin Avenues,2019,"After receiving its charter in 1925, construction of the Alpha Tau Omega fraternity house was completed in 1928. After eighty years on the University of Idaho campus the Alpha Tau Omega fraternity left its house in the Fall of 2012 due to a significant loss of members. The following year the men of Pi Kappa Phi fraternity leased this house and have occupied it since then. ","Once occupied by Alpha Tau Omega fraternity, this house is now home to the men of Pi Kappa Phi! They may be different organizations but both emphasize the importance of leadership and opportunities through Greek life! ",University of Idaho; UIdaho; Greek life; Idaho Greek life; Alpha Tao Omega; Pi Kappa Phi; Pi Kapp; Pi Kappa Phi Kappa Iota Chapter; Fraternity House; Construction; Then and Now; Past and Present; Black and White,